Keyword,Topico,Subtopico,Position,Traffic,URL,Query,Resultados,Nivel_concorrencia
como comprar produtos e revender na shope,Shopee,Como Vender,1,0,https://mambadigital.com.br/blog/o-guia-para-vender-na-shopee/,"""como comprar produtos e revender na shope"" -instagram -youtube -tiktok",0,Baixa
devolução mercado livre quantos dias,Mercado Livre,Devolucoes e Trocas,1,0,https://mambadigital.com.br/blog/como-e-feita-a-devolucao-no-mercado-livre/,"""devolução mercado livre quantos dias"" -instagram -youtube -tiktok",0,Baixa
mercado livre vende para cnpj,Mercado Livre,CPF ou CNPJ / Dropshipping,1,0,https://mambadigital.com.br/blog/cpf-ou-cnpj-mercado-livre/,"""mercado livre vende para cnpj"" -instagram -youtube -tiktok",0,Baixa
oq e centro logistico shopee,Shopee,Logistica e Fulfillment,3,0,https://mambadigital.com.br/blog/centro-logistico-da-shopee/,"""oq e centro logistico shopee"" -instagram -youtube -tiktok",0,Baixa
o que é anuncio pausado no mercado livre,Mercado Livre,Gestao de Anuncios,1,8,https://mambadigital.com.br/blog/anuncio-pausado-no-mercado-livre/,"""o que é anuncio pausado no mercado livre"" -instagram -youtube -tiktok",1,Baixa
como cadastrar produto na shopee,Shopee,Cadastro de Produtos,4,7,https://mambadigital.com.br/blog/como-cadastrar-um-produto-na-shopee/,"""como cadastrar produto na shopee"" -instagram -youtube -tiktok",1,Baixa
caixa mercado livre png,Mercado Livre,Taxas e Custos,1,5,https://mambadigital.com.br/blog/quais-sao-as-taxas-do-mercado-livre/,"""caixa mercado livre png"" -instagram -youtube -tiktok",1,Baixa
taxa shopee vendedor cpf,Shopee,Taxas e Calculadora,3,2,https://mambadigital.com.br/blog/quais-sao-as-taxas-da-shopee/,"""taxa shopee vendedor cpf"" -instagram -youtube -tiktok",1,Baixa
taxas shopee vendedor,Shopee,Taxas e Calculadora,1,1,https://mambadigital.com.br/blog/quais-sao-as-taxas-da-shopee/,"""taxas shopee vendedor"" -instagram -youtube -tiktok",1,Baixa
como cadastrar na shopee para vender,Shopee,Como Vender,1,1,https://mambadigital.com.br/blog/o-guia-para-vender-na-shopee/,"""como cadastrar na shopee para vender"" -instagram -youtube -tiktok",1,Baixa
taxa da shopee para vendedores 2025,Shopee,Taxas e Calculadora,1,1,https://mambadigital.com.br/blog/quais-sao-as-taxas-da-shopee/,"""taxa da shopee para vendedores 2025"" -instagram -youtube -tiktok",1,Baixa
como funciona venda na shopee,Shopee,Como Vender,2,1,https://mambadigital.com.br/blog/o-guia-para-vender-na-shopee/,"""como funciona venda na shopee"" -instagram -youtube -tiktok",1,Baixa
simulador venda mercado livre,Mercado Livre,Taxas e Custos,4,1,https://mambadigital.com.br/blog/simulador-de-custos-do-mercado-livre/,"""simulador venda mercado livre"" -instagram -youtube -tiktok",1,Baixa
taxas da shopee para vendedor,Shopee,Taxas e Calculadora,1,0,https://mambadigital.com.br/blog/quais-sao-as-taxas-da-shopee/,"""taxas da shopee para vendedor"" -instagram -youtube -tiktok",1,Baixa
como colocar produto para vender na shopee,Shopee,Cadastro de Produtos,1,0,https://mambadigital.com.br/blog/como-cadastrar-um-produto-na-shopee/,"""como colocar produto para vender na shopee"" -instagram -youtube -tiktok",1,Baixa
como baixar nota fiscal na shopee,Shopee,Nota Fiscal,1,0,https://mambadigital.com.br/blog/como-emitir-uma-nota-fiscal-na-shopee/,"""como baixar nota fiscal na shopee"" -instagram -youtube -tiktok",1,Baixa
taxas vendedor shopee,Shopee,Taxas e Calculadora,1,0,https://mambadigital.com.br/blog/quais-sao-as-taxas-da-shopee/,"""taxas vendedor shopee"" -instagram -youtube -tiktok",1,Baixa
quanto é a taxa da shopee,Shopee,Taxas e Calculadora,1,0,https://mambadigital.com.br/blog/quais-sao-as-taxas-da-shopee/,"""quanto é a taxa da shopee"" -instagram -youtube -tiktok",1,Baixa
taxas shopee cnpj,Shopee,Taxas e Calculadora,2,0,https://mambadigital.com.br/blog/quais-sao-as-taxas-da-shopee/,"""taxas shopee cnpj"" -instagram -youtube -tiktok",1,Baixa
ativar programa decola mercado livre,Mercado Livre,Programa Decola,2,0,https://mambadigital.com.br/blog/programa-decola-mercado-livre/,"""ativar programa decola mercado livre"" -instagram -youtube -tiktok",1,Baixa
como oferecer frete gratis mercado livre,Mercado Livre,Frete,4,0,https://mambadigital.com.br/blog/frete-gratis-mercado-livre/,"""como oferecer frete gratis mercado livre"" -instagram -youtube -tiktok",1,Baixa
o que vender no mercado livre para ganhar dinheiro,Mercado Livre,Como Vender / Ganhar Dinheiro,4,0,https://mambadigital.com.br/blog/como-ganhar-dinheiro-no-mercado-livre/,"""o que vender no mercado livre para ganhar dinheiro"" -instagram -youtube -tiktok",1,Baixa
como funciona as vendas na shopee,Shopee,Como Vender,1,11,https://mambadigital.com.br/blog/o-guia-para-vender-na-shopee/,"""como funciona as vendas na shopee"" -instagram -youtube -tiktok",2,Baixa
como faço para vender na shopee,Shopee,Como Vender,1,4,https://mambadigital.com.br/blog/o-guia-para-vender-na-shopee/,"""como faço para vender na shopee"" -instagram -youtube -tiktok",2,Baixa
como funciona vender na shopee,Shopee,Como Vender,2,3,https://mambadigital.com.br/blog/o-guia-para-vender-na-shopee/,"""como funciona vender na shopee"" -instagram -youtube -tiktok",2,Baixa
como funciona a venda na shopee,Shopee,Como Vender,1,2,https://mambadigital.com.br/blog/o-guia-para-vender-na-shopee/,"""como funciona a venda na shopee"" -instagram -youtube -tiktok",2,Baixa
o que é centro logístico shopee,Shopee,Logistica e Fulfillment,1,1,https://mambadigital.com.br/blog/centro-logistico-da-shopee/,"""o que é centro logístico shopee"" -instagram -youtube -tiktok",2,Baixa
posso vender na shopee com cpf,Shopee,Taxas e Calculadora,1,1,https://mambadigital.com.br/blog/quais-sao-as-taxas-da-shopee/,"""posso vender na shopee com cpf"" -instagram -youtube -tiktok",2,Baixa
o que é shopee entrega direta,Shopee,Logistica e Fulfillment,1,1,https://mambadigital.com.br/blog/entrega-direta-shopee/,"""o que é shopee entrega direta"" -instagram -youtube -tiktok",2,Baixa
o que precisa para vender na shopee,Shopee,Como Vender,2,1,https://mambadigital.com.br/blog/o-guia-para-vender-na-shopee/,"""o que precisa para vender na shopee"" -instagram -youtube -tiktok",2,Baixa
como fazer vendas na shopee,Shopee,Como Vender,4,1,https://mambadigital.com.br/blog/o-guia-para-vender-na-shopee/,"""como fazer vendas na shopee"" -instagram -youtube -tiktok",2,Baixa
como faz para vender na shopee,Shopee,Como Vender,4,1,https://mambadigital.com.br/blog/o-guia-para-vender-na-shopee/,"""como faz para vender na shopee"" -instagram -youtube -tiktok",2,Baixa
como abrir loja no mercado livre com cpf,Mercado Livre,CPF ou CNPJ / Dropshipping,1,0,https://mambadigital.com.br/blog/cpf-ou-cnpj-mercado-livre/,"""como abrir loja no mercado livre com cpf"" -instagram -youtube -tiktok",2,Baixa
como vender no mercado livre com cpf,Mercado Livre,CPF ou CNPJ / Dropshipping,1,0,https://mambadigital.com.br/blog/cpf-ou-cnpj-mercado-livre/,"""como vender no mercado livre com cpf"" -instagram -youtube -tiktok",2,Baixa
qual a porcentagem que a shopee cobra,Shopee,Taxas e Calculadora,1,0,https://mambadigital.com.br/blog/quais-sao-as-taxas-da-shopee/,"""qual a porcentagem que a shopee cobra"" -instagram -youtube -tiktok",2,Baixa
taxas shoppe,Shopee,Taxas e Calculadora,1,0,https://mambadigital.com.br/blog/quais-sao-as-taxas-da-shopee/,"""taxas shoppe"" -instagram -youtube -tiktok",2,Baixa
como vender no mercado livre com cnpj,Mercado Livre,CPF ou CNPJ / Dropshipping,1,0,https://mambadigital.com.br/blog/cpf-ou-cnpj-mercado-livre/,"""como vender no mercado livre com cnpj"" -instagram -youtube -tiktok",2,Baixa
o que preciso para vender na shopee,Shopee,Como Vender,1,0,https://mambadigital.com.br/blog/o-guia-para-vender-na-shopee/,"""o que preciso para vender na shopee"" -instagram -youtube -tiktok",2,Baixa
shopee entrega direta como funciona,Shopee,Logistica e Fulfillment,3,0,https://mambadigital.com.br/blog/entrega-direta-shopee/,"""shopee entrega direta como funciona"" -instagram -youtube -tiktok",2,Baixa
calcular taxa shopee,Shopee,Taxas e Calculadora,3,0,https://mambadigital.com.br/blog/quais-sao-as-taxas-da-shopee/,"""calcular taxa shopee"" -instagram -youtube -tiktok",2,Baixa
como se cadastrar para vender na shopee,Shopee,Como Vender,4,0,https://mambadigital.com.br/blog/o-guia-para-vender-na-shopee/,"""como se cadastrar para vender na shopee"" -instagram -youtube -tiktok",2,Baixa
como oferecer frete grátis no mercado livre,Mercado Livre,Frete,5,0,https://mambadigital.com.br/blog/frete-gratis-mercado-livre/,"""como oferecer frete grátis no mercado livre"" -instagram -youtube -tiktok",2,Baixa
como ser vendedor shopee,Shopee,Como Vender,5,0,https://mambadigital.com.br/blog/o-guia-para-vender-na-shopee/,"""como ser vendedor shopee"" -instagram -youtube -tiktok",2,Baixa
como emitir nota fiscal para shopee,Shopee,Nota Fiscal,5,0,https://mambadigital.com.br/blog/como-emitir-uma-nota-fiscal-na-shopee/,"""como emitir nota fiscal para shopee"" -instagram -youtube -tiktok",2,Baixa
como funciona para vender na shopee,Shopee,Como Vender,1,3,https://mambadigital.com.br/blog/o-guia-para-vender-na-shopee/,"""como funciona para vender na shopee"" -instagram -youtube -tiktok",3,Baixa
criar conta vendedor shopee,Shopee,Como Vender,1,3,https://mambadigital.com.br/blog/o-guia-para-vender-na-shopee/,"""criar conta vendedor shopee"" -instagram -youtube -tiktok",3,Baixa
como fazer vendas pela shopee,Shopee,Como Vender,1,1,https://mambadigital.com.br/blog/o-guia-para-vender-na-shopee/,"""como fazer vendas pela shopee"" -instagram -youtube -tiktok",3,Baixa
como se tornar um vendedor da shopee,Shopee,Como Vender,4,1,https://mambadigital.com.br/blog/o-guia-para-vender-na-shopee/,"""como se tornar um vendedor da shopee"" -instagram -youtube -tiktok",3,Baixa
como funciona as entregas da shopee,Shopee,Logistica e Fulfillment,5,1,https://mambadigital.com.br/blog/entrega-direta-shopee/,"""como funciona as entregas da shopee"" -instagram -youtube -tiktok",3,Baixa
taxa da shopee para vendedores,Shopee,Taxas e Calculadora,1,0,https://mambadigital.com.br/blog/quais-sao-as-taxas-da-shopee/,"""taxa da shopee para vendedores"" -instagram -youtube -tiktok",3,Baixa
como fazer live na shopee,Shopee,Shopee Live,5,0,https://mambadigital.com.br/blog/como-vender-com-a-shopee-live/,"""como fazer live na shopee"" -instagram -youtube -tiktok",3,Baixa
como ser vendedor na shopee,Shopee,Como Vender,1,16,https://mambadigital.com.br/blog/o-guia-para-vender-na-shopee/,"""como ser vendedor na shopee"" -instagram -youtube -tiktok",4,Baixa
seu pedido chegou ao centro logístico none,Shopee,Logistica e Fulfillment,1,3,https://mambadigital.com.br/blog/centro-logistico-da-shopee/,"""seu pedido chegou ao centro logístico none"" -instagram -youtube -tiktok",4,Baixa
taxa de transação shopee,Shopee,Taxas e Calculadora,1,0,https://mambadigital.com.br/blog/quais-sao-as-taxas-da-shopee/,"""taxa de transação shopee"" -instagram -youtube -tiktok",4,Baixa
taxa de venda da shopee,Shopee,Taxas e Calculadora,2,0,https://mambadigital.com.br/blog/quais-sao-as-taxas-da-shopee/,"""taxa de venda da shopee"" -instagram -youtube -tiktok",4,Baixa
o que significa anuncio pausado no mercado livre,Mercado Livre,Gestao de Anuncios,1,38,https://mambadigital.com.br/blog/anuncio-pausado-no-mercado-livre/,"""o que significa anuncio pausado no mercado livre"" -instagram -youtube -tiktok",5,Baixa
como funciona a devolução no mercado livre,Mercado Livre,Devolucoes e Trocas,1,7,https://mambadigital.com.br/blog/como-e-feita-a-devolucao-no-mercado-livre/,"""como funciona a devolução no mercado livre"" -instagram -youtube -tiktok",5,Baixa
mercado livre como ganhar dinheiro,Mercado Livre,Como Vender / Ganhar Dinheiro,4,5,https://mambadigital.com.br/blog/como-ganhar-dinheiro-no-mercado-livre/,"""mercado livre como ganhar dinheiro"" -instagram -youtube -tiktok",5,Baixa
o'que significa anúncio pausado no mercado livre,Mercado Livre,Gestao de Anuncios,3,3,https://mambadigital.com.br/blog/anuncio-pausado-no-mercado-livre/,"""o'que significa anúncio pausado no mercado livre"" -instagram -youtube -tiktok",5,Baixa
como vender no mercado livre pessoa física,Mercado Livre,CPF ou CNPJ / Dropshipping,1,0,https://mambadigital.com.br/blog/cpf-ou-cnpj-mercado-livre/,"""como vender no mercado livre pessoa física"" -instagram -youtube -tiktok",5,Baixa
produtos proibidos mercado livre,Mercado Livre,Produtos Proibidos,1,0,https://mambadigital.com.br/blog/produtos-proibidos-no-mercado-livre/,"""produtos proibidos mercado livre"" -instagram -youtube -tiktok",5,Baixa
taxa de comissão shopee,Shopee,Taxas e Calculadora,1,6,https://mambadigital.com.br/blog/quais-sao-as-taxas-da-shopee/,"""taxa de comissão shopee"" -instagram -youtube -tiktok",6,Baixa
qual a comissão da shopee,Shopee,Taxas e Calculadora,5,1,https://mambadigital.com.br/blog/quais-sao-as-taxas-da-shopee/,"""qual a comissão da shopee"" -instagram -youtube -tiktok",6,Baixa
como me cadastrar no mercado livre,Mercado Livre,CPF ou CNPJ / Dropshipping,1,0,https://mambadigital.com.br/blog/cpf-ou-cnpj-mercado-livre/,"""como me cadastrar no mercado livre"" -instagram -youtube -tiktok",6,Baixa
tarifa shopee,Shopee,Taxas e Calculadora,1,0,https://mambadigital.com.br/blog/quais-sao-as-taxas-da-shopee/,"""tarifa shopee"" -instagram -youtube -tiktok",6,Baixa
se afiliar no mercado livre,Mercado Livre,CPF ou CNPJ / Dropshipping,2,0,https://mambadigital.com.br/blog/cpf-ou-cnpj-mercado-livre/,"""se afiliar no mercado livre"" -instagram -youtube -tiktok",6,Baixa
como vender bem na shopee,Shopee,Como Vender,5,0,https://mambadigital.com.br/blog/6-dicas-para-vender-mais-na-shopee/,"""como vender bem na shopee"" -instagram -youtube -tiktok",6,Baixa
centro logística shopee,Shopee,Logistica e Fulfillment,5,0,https://mambadigital.com.br/blog/centro-logistico-da-shopee/,"""centro logística shopee"" -instagram -youtube -tiktok",6,Baixa
como aumentar as vendas na shopee,Shopee,Como Vender,5,0,https://mambadigital.com.br/blog/6-dicas-para-vender-mais-na-shopee/,"""como aumentar as vendas na shopee"" -instagram -youtube -tiktok",6,Baixa
maiores marketplaces brasil,Comparativo de Marketplaces,Ranking e Comparacao,3,9,https://mambadigital.com.br/blog/maiores-marketplaces-brasil/,"""maiores marketplaces brasil"" -instagram -youtube -tiktok",7,Baixa
como ganhar dinheiro com mercado livre,Mercado Livre,Como Vender / Ganhar Dinheiro,3,2,https://mambadigital.com.br/blog/como-ganhar-dinheiro-no-mercado-livre/,"""como ganhar dinheiro com mercado livre"" -instagram -youtube -tiktok",7,Baixa
como revender produtos da shopee,Shopee,Como Vender,5,2,https://mambadigital.com.br/blog/o-guia-para-vender-na-shopee/,"""como revender produtos da shopee"" -instagram -youtube -tiktok",7,Baixa
como funciona devolução mercado livre,Mercado Livre,Devolucoes e Trocas,5,0,https://mambadigital.com.br/blog/como-e-feita-a-devolucao-no-mercado-livre/,"""como funciona devolução mercado livre"" -instagram -youtube -tiktok",7,Baixa
centro logistico nome,Shopee,Logistica e Fulfillment,1,5,https://mambadigital.com.br/blog/centro-logistico-da-shopee/,"""centro logistico nome"" -instagram -youtube -tiktok",8,Baixa
acos mercado livre,Mercado Livre,Ads e ACOS,1,2,https://mambadigital.com.br/blog/o-que-e-acos-no-mercado-livre/,"""acos mercado livre"" -instagram -youtube -tiktok",8,Baixa
shopee aumenta comissões,Shopee,Taxas e Calculadora,1,1,https://mambadigital.com.br/blog/quais-sao-as-taxas-da-shopee/,"""shopee aumenta comissões"" -instagram -youtube -tiktok",8,Baixa
simulação mercado livre,Mercado Livre,Taxas e Custos,5,1,https://mambadigital.com.br/blog/simulador-de-custos-do-mercado-livre/,"""simulação mercado livre"" -instagram -youtube -tiktok",8,Baixa
afiliar no mercado livre,Mercado Livre,CPF ou CNPJ / Dropshipping,1,0,https://mambadigital.com.br/blog/cpf-ou-cnpj-mercado-livre/,"""afiliar no mercado livre"" -instagram -youtube -tiktok",8,Baixa
comissionamento shopee,Shopee,Taxas e Calculadora,5,1,https://mambadigital.com.br/blog/quais-sao-as-taxas-da-shopee/,"""comissionamento shopee"" -instagram -youtube -tiktok",9,Baixa
como cadastrar produtos na shopee,Shopee,Cadastro de Produtos,5,5,https://mambadigital.com.br/blog/como-cadastrar-um-produto-na-shopee/,"""como cadastrar produtos na shopee"" -instagram -youtube -tiktok",10,Baixa
porcentagem shopee,Shopee,Taxas e Calculadora,1,2,https://mambadigital.com.br/blog/quais-sao-as-taxas-da-shopee/,"""porcentagem shopee"" -instagram -youtube -tiktok",10,Baixa
modo ferias mercado livre,Mercado Livre,Modo Ferias,3,1,https://mambadigital.com.br/blog/modo-ferias-mercado-livre/,"""modo ferias mercado livre"" -instagram -youtube -tiktok",10,Baixa
como emitir nota fiscal na shopee,Shopee,Nota Fiscal,4,1,https://mambadigital.com.br/blog/como-emitir-uma-nota-fiscal-na-shopee/,"""como emitir nota fiscal na shopee"" -instagram -youtube -tiktok",10,Baixa
mercado livre decola,Mercado Livre,Programa Decola,4,1,https://mambadigital.com.br/blog/programa-decola-mercado-livre/,"""mercado livre decola"" -instagram -youtube -tiktok",10,Baixa
cadastro de vendedor shopee,Shopee,Como Vender,1,0,https://mambadigital.com.br/blog/o-guia-para-vender-na-shopee/,"""cadastro de vendedor shopee"" -instagram -youtube -tiktok",10,Baixa
mercadolivre tendencias,Mercado Livre,Tendencias,4,10,https://mambadigital.com.br/blog/identificando-tendencias-do-mercado-livre/,"""mercadolivre tendencias"" -instagram -youtube -tiktok",55,Baixa
como anunciar na shopee,Shopee,Como Vender,3,2,https://mambadigital.com.br/blog/o-guia-para-vender-na-shopee/,"""como anunciar na shopee"" -instagram -youtube -tiktok",61,Baixa
palavras chaves mercado livre,Mercado Livre,SEO e Palavras-chave,4,0,https://mambadigital.com.br/blog/palavra-chave-mercado-livre/,"""palavras chaves mercado livre"" -instagram -youtube -tiktok",75,Baixa
suplemento mercado livre,Mercado Livre,Taxas e Custos,2,1,https://mambadigital.com.br/blog/quais-sao-as-taxas-do-mercado-livre/,"""suplemento mercado livre"" -instagram -youtube -tiktok",76,Baixa
loja shoppy,Shopee,Abrir Loja,4,0,https://mambadigital.com.br/blog/como-abrir-uma-loja-na-shopee/,"""loja shoppy"" -instagram -youtube -tiktok",77,Baixa
conta cnpj mercado livre,Mercado Livre,CPF ou CNPJ / Dropshipping,1,0,https://mambadigital.com.br/blog/cpf-ou-cnpj-mercado-livre/,"""conta cnpj mercado livre"" -instagram -youtube -tiktok",87,Baixa
novas taxas da shopee,Shopee,Taxas e Calculadora,4,0,https://mambadigital.com.br/blog/quais-sao-as-taxas-da-shopee/,"""novas taxas da shopee"" -instagram -youtube -tiktok",88,Baixa
anúncio pausado mercado livre,Mercado Livre,Gestao de Anuncios,1,17,https://mambadigital.com.br/blog/anuncio-pausado-no-mercado-livre/,"""anúncio pausado mercado livre"" -instagram -youtube -tiktok",109,Baixa
novas taxas shopee 2026,Shopee,Taxas e Calculadora,4,7,https://mambadigital.com.br/blog/quais-sao-as-taxas-da-shopee/,"""novas taxas shopee 2026"" -instagram -youtube -tiktok",116,Baixa
novas taxas shopee,Shopee,Taxas e Calculadora,4,15,https://mambadigital.com.br/blog/quais-sao-as-taxas-da-shopee/,"""novas taxas shopee"" -instagram -youtube -tiktok",135,Baixa
como vender pela shoppe,Shopee,Como Vender,3,7,https://mambadigital.com.br/blog/o-guia-para-vender-na-shopee/,"""como vender pela shoppe"" -instagram -youtube -tiktok",160,Baixa
como vender pela shopee,Shopee,Como Vender,1,1,https://mambadigital.com.br/blog/o-guia-para-vender-na-shopee/,"""como vender pela shopee"" -instagram -youtube -tiktok",164,Baixa
mercado livre conta pj,Mercado Livre,CPF ou CNPJ / Dropshipping,3,0,https://mambadigital.com.br/blog/cpf-ou-cnpj-mercado-livre/,"""mercado livre conta pj"" -instagram -youtube -tiktok",179,Baixa
como vender produtos da shopee,Shopee,Como Vender,1,4,https://mambadigital.com.br/blog/o-guia-para-vender-na-shopee/,"""como vender produtos da shopee"" -instagram -youtube -tiktok",188,Baixa
taxas shopee 2026,Shopee,Taxas e Calculadora,1,3,https://mambadigital.com.br/blog/quais-sao-as-taxas-da-shopee/,"""taxas shopee 2026"" -instagram -youtube -tiktok",194,Baixa
simulador de custos mercado livre,Mercado Livre,Taxas e Custos,5,36,https://mambadigital.com.br/blog/simulador-de-custos-do-mercado-livre/,"""simulador de custos mercado livre"" -instagram -youtube -tiktok",201,Baixa
como vender shopee,Shopee,Como Vender,1,3,https://mambadigital.com.br/blog/o-guia-para-vender-na-shopee/,"""como vender shopee"" -instagram -youtube -tiktok",210,Baixa
decola mercado livre,Mercado Livre,Programa Decola,1,16,https://mambadigital.com.br/blog/programa-decola-mercado-livre/,"""decola mercado livre"" -instagram -youtube -tiktok",216,Baixa
programa decola mercado livre,Mercado Livre,Programa Decola,1,6,https://mambadigital.com.br/blog/programa-decola-mercado-livre/,"""programa decola mercado livre"" -instagram -youtube -tiktok",250,Baixa
nichos no mercado livre,Mercado Livre,Geral,1,0,https://mambadigital.com.br/blog/nicho-de-mercado/,"""nichos no mercado livre"" -instagram -youtube -tiktok",342,Baixa
shoppe taxas,Shopee,Taxas e Calculadora,1,0,https://mambadigital.com.br/blog/quais-sao-as-taxas-da-shopee/,"""shoppe taxas"" -instagram -youtube -tiktok",378,Baixa
shopee taxas,Shopee,Taxas e Calculadora,1,0,https://mambadigital.com.br/blog/quais-sao-as-taxas-da-shopee/,"""shopee taxas"" -instagram -youtube -tiktok",378,Baixa
entrega direta shopee,Shopee,Logistica e Fulfillment,1,4,https://mambadigital.com.br/blog/entrega-direta-shopee/,"""entrega direta shopee"" -instagram -youtube -tiktok",389,Baixa
mercado livre suplemento,Mercado Livre,Taxas e Custos,5,0,https://mambadigital.com.br/blog/quais-sao-as-taxas-do-mercado-livre/,"""mercado livre suplemento"" -instagram -youtube -tiktok",392,Baixa
como vender na shopee do zero,Shopee,Como Vender,1,0,https://mambadigital.com.br/blog/o-guia-para-vender-na-shopee/,"""como vender na shopee do zero"" -instagram -youtube -tiktok",397,Baixa
consultor mercado livre,Mercado Livre,Geral,5,0,https://mambadigital.com.br/,"""consultor mercado livre"" -instagram -youtube -tiktok",401,Baixa
como vender no shopee,Shopee,Como Vender,3,1,https://mambadigital.com.br/blog/o-guia-para-vender-na-shopee/,"""como vender no shopee"" -instagram -youtube -tiktok",483,Baixa
como fazer dropshipping no mercado livre,Mercado Livre,CPF ou CNPJ / Dropshipping,1,15,https://mambadigital.com.br/blog/cpf-ou-cnpj-mercado-livre/,"""como fazer dropshipping no mercado livre"" -instagram -youtube -tiktok",494,Baixa
como vender na shopee passo a passo,Shopee,Como Vender,3,1,https://mambadigital.com.br/blog/o-guia-para-vender-na-shopee/,"""como vender na shopee passo a passo"" -instagram -youtube -tiktok",502,Baixa
roas shopee,Shopee,Taxas e Calculadora,2,2,https://mambadigital.com.br/shopee-mamba/calculadora_shopeee_GMV,"""roas shopee"" -instagram -youtube -tiktok",552,Baixa
ganhar dinheiro com mercado livre,Mercado Livre,Como Vender / Ganhar Dinheiro,3,0,https://mambadigital.com.br/blog/como-ganhar-dinheiro-no-mercado-livre/,"""ganhar dinheiro com mercado livre"" -instagram -youtube -tiktok",694,Baixa
como comecar a vender na shopee,Shopee,Como Vender,3,25,https://mambadigital.com.br/blog/o-guia-para-vender-na-shopee/,"""como comecar a vender na shopee"" -instagram -youtube -tiktok",720,Baixa
mercado livre tendencias,Mercado Livre,Tendencias,5,54,https://mambadigital.com.br/blog/identificando-tendencias-do-mercado-livre/,"""mercado livre tendencias"" -instagram -youtube -tiktok",731,Baixa
como vender mais na shopee,Shopee,Como Vender,2,1,https://mambadigital.com.br/blog/6-dicas-para-vender-mais-na-shopee/,"""como vender mais na shopee"" -instagram -youtube -tiktok",759,Baixa
tendencias mercado livre,Mercado Livre,Tendencias,5,32,https://mambadigital.com.br/blog/identificando-tendencias-do-mercado-livre/,"""tendencias mercado livre"" -instagram -youtube -tiktok",844,Baixa
mercado livre tendencia,Mercado Livre,Tendencias,5,5,https://mambadigital.com.br/blog/identificando-tendencias-do-mercado-livre/,"""mercado livre tendencia"" -instagram -youtube -tiktok",937,Baixa
o que é acos,Mercado Livre,Ads e ACOS,3,15,https://mambadigital.com.br/blog/o-que-e-acos-no-mercado-livre/,"""o que é acos"" -instagram -youtube -tiktok",956,Baixa
shopee taxa,Shopee,Taxas e Calculadora,1,0,https://mambadigital.com.br/blog/quais-sao-as-taxas-da-shopee/,"""shopee taxa"" -instagram -youtube -tiktok",956,Baixa
mercado livre caixas,Mercado Livre,Taxas e Custos,3,0,https://mambadigital.com.br/blog/quais-sao-as-taxas-do-mercado-livre/,"""mercado livre caixas"" -instagram -youtube -tiktok",967,Baixa
shopee envios,Shopee,Envio e Frete,5,1,https://mambadigital.com.br/blog/envio-na-shopee/,"""shopee envios"" -instagram -youtube -tiktok",1200,Media
comissões shopee,Shopee,Taxas e Calculadora,5,1,https://mambadigital.com.br/blog/quais-sao-as-taxas-da-shopee/,"""comissões shopee"" -instagram -youtube -tiktok",1270,Media
vender pela shopee,Shopee,Como Vender,1,6,https://mambadigital.com.br/blog/o-guia-para-vender-na-shopee/,"""vender pela shopee"" -instagram -youtube -tiktok",1460,Media
shopee comissao,Shopee,Taxas e Calculadora,1,0,https://mambadigital.com.br/blog/quais-sao-as-taxas-da-shopee/,"""shopee comissao"" -instagram -youtube -tiktok",1770,Media
envios shopee,Shopee,Envio e Frete,3,0,https://mambadigital.com.br/blog/envio-na-shopee/,"""envios shopee"" -instagram -youtube -tiktok",1770,Media
shopee como vender,Shopee,Como Vender,2,1,https://mambadigital.com.br/blog/o-guia-para-vender-na-shopee/,"""shopee como vender"" -instagram -youtube -tiktok",1850,Media
selo mais vendido,Mercado Livre,Selos Oficiais,2,3,https://mambadigital.com.br/blog/selos-oficiais-mercado-livre/,"""selo mais vendido"" -instagram -youtube -tiktok",1950,Media
mercadolivre e shopee,Comparativo de Marketplaces,Ranking e Comparacao,4,0,https://mambadigital.com.br/blog/mercado-livre-shopee-ou-amazon/,"""mercadolivre e shopee"" -instagram -youtube -tiktok",2020,Media
o'que é centro logistico,Shopee,Logistica e Fulfillment,1,25,https://mambadigital.com.br/blog/centro-logistico-da-shopee/,"""o'que é centro logistico"" -instagram -youtube -tiktok",2320,Media
frete shopee,Shopee,Envio e Frete,3,0,https://mambadigital.com.br/blog/envio-na-shopee/,"""frete shopee"" -instagram -youtube -tiktok",2710,Media
como ganhar dinheiro com o mercado livre,Mercado Livre,Como Vender / Ganhar Dinheiro,5,2,https://mambadigital.com.br/blog/como-ganhar-dinheiro-no-mercado-livre/,"""como ganhar dinheiro com o mercado livre"" -instagram -youtube -tiktok",2920,Media
c mercado livre,Comparativo de Marketplaces,Ranking e Comparacao,1,0,https://mambadigital.com.br/blog/mercado-livre-shopee-ou-amazon/,"""c mercado livre"" -instagram -youtube -tiktok",3500,Media
caixa mercado livre,Mercado Livre,Taxas e Custos,2,3,https://mambadigital.com.br/blog/quais-sao-as-taxas-do-mercado-livre/,"""caixa mercado livre"" -instagram -youtube -tiktok",3930,Media
amazon ou mercado livre,Comparativo de Marketplaces,Ranking e Comparacao,2,2,https://mambadigital.com.br/blog/amazon-ou-mercado-livre/,"""amazon ou mercado livre"" -instagram -youtube -tiktok",4690,Media
vendendo na shopee,Shopee,Como Vender,1,4,https://mambadigital.com.br/blog/o-guia-para-vender-na-shopee/,"""vendendo na shopee"" -instagram -youtube -tiktok",5090,Media
maior e commerce do brasil,Comparativo de Marketplaces,Ranking e Comparacao,1,0,https://mambadigital.com.br/blog/maiores-marketplaces-brasil/,"""maior e commerce do brasil"" -instagram -youtube -tiktok",5480,Media
vendas pela shopee,Shopee,Como Vender,5,0,https://mambadigital.com.br/blog/o-guia-para-vender-na-shopee/,"""vendas pela shopee"" -instagram -youtube -tiktok",5650,Media
como vender na shoppe,Shopee,Como Vender,1,4,https://mambadigital.com.br/blog/o-guia-para-vender-na-shopee/,"""como vender na shoppe"" -instagram -youtube -tiktok",6250,Media
como vender na shopee,Shopee,Como Vender,2,90,https://mambadigital.com.br/blog/o-guia-para-vender-na-shopee/,"""como vender na shopee"" -instagram -youtube -tiktok",6320,Media
loja shoppe,Shopee,Abrir Loja,5,0,https://mambadigital.com.br/blog/como-abrir-uma-loja-na-shopee/,"""loja shoppe"" -instagram -youtube -tiktok",6640,Media
programa decola,Mercado Livre,Programa Decola,4,3,https://mambadigital.com.br/blog/programa-decola-mercado-livre/,"""programa decola"" -instagram -youtube -tiktok",6910,Media
preço shopee,Shopee,Taxas e Calculadora,5,1,https://mambadigital.com.br/blog/quais-sao-as-taxas-da-shopee/,"""preço shopee"" -instagram -youtube -tiktok",8040,Media
shopee logistica,Shopee,Logistica e Fulfillment,4,0,https://mambadigital.com.br/blog/centro-logistico-da-shopee/,"""shopee logistica"" -instagram -youtube -tiktok",8660,Media
programa decola mercado livre ativar,Mercado Livre,Programa Decola,2,0,https://mambadigital.com.br/blog/programa-decola-mercado-livre/,"""programa decola mercado livre ativar"" -instagram -youtube -tiktok",10200,Media
fulfillment shopee,Shopee,Logistica e Fulfillment,1,5,https://mambadigital.com.br/blog/shopee-fulfillment/,"""fulfillment shopee"" -instagram -youtube -tiktok",11100,Media
devolução no mercado livre,Mercado Livre,Devolucoes e Trocas,1,0,https://mambadigital.com.br/blog/como-e-feita-a-devolucao-no-mercado-livre/,"""devolução no mercado livre"" -instagram -youtube -tiktok",13900,Media
centro de logistica shopee,Shopee,Logistica e Fulfillment,1,0,https://mambadigital.com.br/blog/centro-logistico-da-shopee/,"""centro de logistica shopee"" -instagram -youtube -tiktok",14400,Media
ganhar dinheiro no mercado livre,Mercado Livre,Como Vender / Ganhar Dinheiro,3,1,https://mambadigital.com.br/blog/como-ganhar-dinheiro-no-mercado-livre/,"""ganhar dinheiro no mercado livre"" -instagram -youtube -tiktok",15200,Media
ads shopee,Shopee,Ads e Publicidade,4,1,https://mambadigital.com.br/blog/shopee-ads-como-anunciar-na-shopee/,"""ads shopee"" -instagram -youtube -tiktok",20300,Media
devoluçao mercado livre,Mercado Livre,Devolucoes e Trocas,1,2,https://mambadigital.com.br/blog/como-e-feita-a-devolucao-no-mercado-livre/,"""devoluçao mercado livre"" -instagram -youtube -tiktok",21700,Media
em que formato deve ser enviada a nota fiscal shopee,Shopee,Nota Fiscal,1,0,https://mambadigital.com.br/blog/como-emitir-uma-nota-fiscal-na-shopee/,"""em que formato deve ser enviada a nota fiscal shopee"" -instagram -youtube -tiktok",23000,Media
mercado shopee,Comparativo de Marketplaces,Ranking e Comparacao,1,18,https://mambadigital.com.br/blog/mercado-livre-shopee-ou-amazon/,"""mercado shopee"" -instagram -youtube -tiktok",27900,Media
marketplace express,Comparativo de Marketplaces,Ranking e Comparacao,1,0,https://mambadigital.com.br/blog/shopee-ou-mercado-livre/,"""marketplace express"" -instagram -youtube -tiktok",32500,Media
amazon sh,Comparativo de Marketplaces,Ranking e Comparacao,1,1,https://mambadigital.com.br/blog/mercado-livre-shopee-ou-amazon/,"""amazon sh"" -instagram -youtube -tiktok",33600,Media
comissao da shopee,Shopee,Taxas e Calculadora,1,1,https://mambadigital.com.br/blog/quais-sao-as-taxas-da-shopee/,"""comissao da shopee"" -instagram -youtube -tiktok",34300,Media
principais marketplaces do brasil,Comparativo de Marketplaces,Ranking e Comparacao,3,4,https://mambadigital.com.br/blog/maiores-marketplaces-brasil/,"""principais marketplaces do brasil"" -instagram -youtube -tiktok",36400,Media
estoque mercado,Mercado Livre,Estoque,4,0,https://mambadigital.com.br/blog/como-gerenciar-o-estoque-no-mercado-livre/,"""estoque mercado"" -instagram -youtube -tiktok",36600,Media
tendencia do mercado livre,Mercado Livre,Tendencias,4,0,https://mambadigital.com.br/blog/identificando-tendencias-do-mercado-livre/,"""tendencia do mercado livre"" -instagram -youtube -tiktok",38200,Media
vendas na shopee,Shopee,Como Vender,3,3,https://mambadigital.com.br/blog/o-guia-para-vender-na-shopee/,"""vendas na shopee"" -instagram -youtube -tiktok",38800,Media
o que quer dizer anuncio pausado no mercado livre,Mercado Livre,Gestao de Anuncios,2,2,https://mambadigital.com.br/blog/anuncio-pausado-no-mercado-livre/,"""o que quer dizer anuncio pausado no mercado livre"" -instagram -youtube -tiktok",40500,Media
envio shopee,Shopee,Envio e Frete,4,1,https://mambadigital.com.br/blog/envio-na-shopee/,"""envio shopee"" -instagram -youtube -tiktok",40800,Media
spike day,Shopee,Promocoes e Datas,1,7,https://mambadigital.com.br/blog/spike-day-shopee-datas-duplas/,"""spike day"" -instagram -youtube -tiktok",41400,Media
loja da shopee,Shopee,Abrir Loja,1,2,https://mambadigital.com.br/blog/como-abrir-uma-loja-na-shopee/,"""loja da shopee"" -instagram -youtube -tiktok",43800,Media
modo feria,Mercado Livre,Modo Ferias,4,1,https://mambadigital.com.br/blog/modo-ferias-mercado-livre/,"""modo feria"" -instagram -youtube -tiktok",55000,Alta
maiores marketplaces do brasil,Comparativo de Marketplaces,Ranking e Comparacao,1,0,https://mambadigital.com.br/blog/maiores-marketplaces-brasil/,"""maiores marketplaces do brasil"" -instagram -youtube -tiktok",62300,Alta
mercado livre kit,Mercado Livre,Kit de Produtos,2,0,https://mambadigital.com.br/blog/kit-de-produtos-mercado-livre/,"""mercado livre kit"" -instagram -youtube -tiktok",72800,Alta
shopee ads,Shopee,Ads e Publicidade,5,4,https://mambadigital.com.br/blog/shopee-ads-como-anunciar-na-shopee/,"""shopee ads"" -instagram -youtube -tiktok",101000,Alta
tendencias do mercado livre,Mercado Livre,Tendencias,4,2,https://mambadigital.com.br/blog/identificando-tendencias-do-mercado-livre/,"""tendencias do mercado livre"" -instagram -youtube -tiktok",108000,Alta
como cadastrar um produto na shopee,Shopee,Cadastro de Produtos,4,1,https://mambadigital.com.br/blog/como-cadastrar-um-produto-na-shopee/,"""como cadastrar um produto na shopee"" -instagram -youtube -tiktok",115000,Alta
caixa do mercado livre,Mercado Livre,Taxas e Custos,1,42,https://mambadigital.com.br/blog/quais-sao-as-taxas-do-mercado-livre/,"""caixa do mercado livre"" -instagram -youtube -tiktok",136000,Alta
mercado livre e shopee,Comparativo de Marketplaces,Ranking e Comparacao,5,1,https://mambadigital.com.br/blog/shopee-mercado-livre/,"""mercado livre e shopee"" -instagram -youtube -tiktok",140000,Alta
vender na shoppe,Shopee,Como Vender,1,1,https://mambadigital.com.br/blog/o-guia-para-vender-na-shopee/,"""vender na shoppe"" -instagram -youtube -tiktok",153000,Alta
como fazer pra vender na shopee,Shopee,Como Vender,1,0,https://mambadigital.com.br/blog/o-guia-para-vender-na-shopee/,"""como fazer pra vender na shopee"" -instagram -youtube -tiktok",156000,Alta
vender na shopee,Shopee,Como Vender,5,27,https://mambadigital.com.br/blog/o-guia-para-vender-na-shopee/,"""vender na shopee"" -instagram -youtube -tiktok",169000,Alta
vender na shope,Shopee,Como Vender,5,0,https://mambadigital.com.br/blog/o-guia-para-vender-na-shopee/,"""vender na shope"" -instagram -youtube -tiktok",169000,Alta
modo ferias,Mercado Livre,Modo Ferias,4,11,https://mambadigital.com.br/blog/modo-ferias-mercado-livre/,"""modo ferias"" -instagram -youtube -tiktok",189000,Alta
marketplace options,Comparativo de Marketplaces,Ranking e Comparacao,1,0,https://mambadigital.com.br/blog/maiores-marketplaces-brasil/,"""marketplace options"" -instagram -youtube -tiktok",218000,Alta
full funnel marketing,Marketing Digital,Full Funnel,1,0,https://mambadigital.com.br/blog/full-funnel-marketing/,"""full funnel marketing"" -instagram -youtube -tiktok",244000,Alta
como vender produto na shopee,Shopee,Como Vender,1,3,https://mambadigital.com.br/blog/o-guia-para-vender-na-shopee/,"""como vender produto na shopee"" -instagram -youtube -tiktok",255000,Alta
como vender um produto na shopee,Shopee,Como Vender,1,1,https://mambadigital.com.br/blog/o-guia-para-vender-na-shopee/,"""como vender um produto na shopee"" -instagram -youtube -tiktok",259000,Alta
como virar vendedor da shopee,Shopee,Como Vender,1,1,https://mambadigital.com.br/blog/o-guia-para-vender-na-shopee/,"""como virar vendedor da shopee"" -instagram -youtube -tiktok",335000,Alta
shopee mercado,Comparativo de Marketplaces,Ranking e Comparacao,3,0,https://mambadigital.com.br/blog/mercado-livre-shopee-ou-amazon/,"""shopee mercado"" -instagram -youtube -tiktok",398000,Alta
programa decola mercado livre vale a pena,Mercado Livre,Programa Decola,1,2,https://mambadigital.com.br/blog/programa-decola-mercado-livre/,"""programa decola mercado livre vale a pena"" -instagram -youtube -tiktok",454000,Alta
taxa da shopee para vendedores cpf,Shopee,Taxas e Calculadora,1,0,https://mambadigital.com.br/blog/quais-sao-as-taxas-da-shopee/,"""taxa da shopee para vendedores cpf"" -instagram -youtube -tiktok",580000,Muito Alta
como vender meu produto na shopee,Shopee,Como Vender,1,0,https://mambadigital.com.br/blog/o-guia-para-vender-na-shopee/,"""como vender meu produto na shopee"" -instagram -youtube -tiktok",581000,Muito Alta
como vender meus produtos na shopee,Shopee,Como Vender,3,1,https://mambadigital.com.br/blog/o-guia-para-vender-na-shopee/,"""como vender meus produtos na shopee"" -instagram -youtube -tiktok",586000,Muito Alta
shopee amazon,Comparativo de Marketplaces,Ranking e Comparacao,2,0,https://mambadigital.com.br/blog/mercado-livre-shopee-ou-amazon/,"""shopee amazon"" -instagram -youtube -tiktok",613000,Muito Alta
como vender os produtos da shopee,Shopee,Como Vender,1,1,https://mambadigital.com.br/blog/o-guia-para-vender-na-shopee/,"""como vender os produtos da shopee"" -instagram -youtube -tiktok",648000,Muito Alta
entrega direta,Shopee,Logistica e Fulfillment,2,5,https://mambadigital.com.br/blog/entrega-direta-shopee/,"""entrega direta"" -instagram -youtube -tiktok",751000,Muito Alta
foto entrega shopee,Shopee,Envio e Frete,1,3,https://mambadigital.com.br/blog/envio-na-shopee/,"""foto entrega shopee"" -instagram -youtube -tiktok",1380000,Muito Alta
qual taxa da shopee,Shopee,Taxas e Calculadora,1,0,https://mambadigital.com.br/blog/quais-sao-as-taxas-da-shopee/,"""qual taxa da shopee"" -instagram -youtube -tiktok",1760000,Muito Alta
anúncio pausado,Mercado Livre,Gestao de Anuncios,1,0,https://mambadigital.com.br/blog/anuncio-pausado-no-mercado-livre/,"""anúncio pausado"" -instagram -youtube -tiktok",2470000,Muito Alta
melhor loja,Comparativo de Marketplaces,Ranking e Comparacao,1,1,https://mambadigital.com.br/blog/maiores-marketplaces-brasil/,"""melhor loja"" -instagram -youtube -tiktok",2830000,Muito Alta
como cadastrar para vender na shopee,Shopee,Como Vender,1,2,https://mambadigital.com.br/blog/o-guia-para-vender-na-shopee/,"""como cadastrar para vender na shopee"" -instagram -youtube -tiktok",3100000,Muito Alta
como vender coisa na shopee,Shopee,Como Vender,1,2,https://mambadigital.com.br/blog/o-guia-para-vender-na-shopee/,"""como vender coisa na shopee"" -instagram -youtube -tiktok",5200000,Muito Alta
como vender para shopee,Shopee,Como Vender,2,4,https://mambadigital.com.br/blog/o-guia-para-vender-na-shopee/,"""como vender para shopee"" -instagram -youtube -tiktok",5430000,Muito Alta
logo mercado livre e shopee,Comparativo de Marketplaces,Ranking e Comparacao,1,11,https://mambadigital.com.br/blog/mercado-livre-shopee-ou-amazon/,"""logo mercado livre e shopee"" -instagram -youtube -tiktok",8660000,Muito Alta
como é vender na shopee,Shopee,Como Vender,2,3,https://mambadigital.com.br/blog/o-guia-para-vender-na-shopee/,"""como é vender na shopee"" -instagram -youtube -tiktok",8850000,Muito Alta
mercado lider,Mercado Livre,MercadoLider,2,6,https://mambadigital.com.br/blog/mercadolider-o-que-e-e/,"""mercado lider"" -instagram -youtube -tiktok",9110000,Muito Alta
como ser um revendedor da shopee,Shopee,Como Vender,1,0,https://mambadigital.com.br/blog/o-guia-para-vender-na-shopee/,"""como ser um revendedor da shopee"" -instagram -youtube -tiktok",11200000,Muito Alta
como funciona a troca no mercado livre,Mercado Livre,Devolucoes e Trocas,1,2,https://mambadigital.com.br/blog/como-e-feita-a-devolucao-no-mercado-livre/,"""como funciona a troca no mercado livre"" -instagram -youtube -tiktok",11500000,Muito Alta
como se tornar vendedor da shopee,Shopee,Como Vender,4,0,https://mambadigital.com.br/blog/o-guia-para-vender-na-shopee/,"""como se tornar vendedor da shopee"" -instagram -youtube -tiktok",11500000,Muito Alta
como funciona a entrega da shopee para o vendedor,Shopee,Envio e Frete,4,0,https://mambadigital.com.br/blog/envio-na-shopee/,"""como funciona a entrega da shopee para o vendedor"" -instagram -youtube -tiktok",13900000,Muito Alta
mercadolíder gold,Mercado Livre,MercadoLider,5,2,https://mambadigital.com.br/blog/mercadolider-o-que-e-e/,"""mercadolíder gold"" -instagram -youtube -tiktok",32300000,Muito Alta
mercadolíder platinum,Mercado Livre,MercadoLider,2,2,https://mambadigital.com.br/blog/mercadolider-o-que-e-e/,"""mercadolíder platinum"" -instagram -youtube -tiktok",54800000,Muito Alta
mercadolíder,Mercado Livre,MercadoLider,2,15,https://mambadigital.com.br/blog/mercadolider-o-que-e-e/,"""mercadolíder"" -instagram -youtube -tiktok",59100000,Muito Alta
mercadolíde,Mercado Livre,MercadoLider,2,1,https://mambadigital.com.br/blog/mercadolider-o-que-e-e/,"""mercadolíde"" -instagram -youtube -tiktok",59600000,Muito Alta
mercado livre tendecias,Mercado Livre,Tendencias,5,0,https://mambadigital.com.br/blog/identificando-tendencias-do-mercado-livre/,"""mercado livre tendecias"" -instagram -youtube -tiktok",65600000,Muito Alta
