URL,Path,Topico,Keywords_ranking,Trafego_total,Tipo_pagina
https://mambadigital.com.br/blog/mercado-livre-shopee-ou-amazon/,/blog/mercado-livre-shopee-ou-amazon,Comparativo de Marketplaces,15,30,Artigo
https://mambadigital.com.br/blog/maiores-marketplaces-brasil/,/blog/maiores-marketplaces-brasil,Comparativo de Marketplaces,12,21,Artigo
https://mambadigital.com.br/blog/amazon-ou-mercado-livre/,/blog/amazon-ou-mercado-livre,Comparativo de Marketplaces,7,2,Artigo
https://mambadigital.com.br/blog/shopee-mercado-livre/,/blog/shopee-mercado-livre,Comparativo de Marketplaces,7,1,Artigo
https://mambadigital.com.br/blog/shopee-ou-mercado-livre/,/blog/shopee-ou-mercado-livre,Comparativo de Marketplaces,11,0,Artigo
https://mambadigital.com.br/blog/category/noticias/,/blog/category/noticias,Conteudo Geral,3,0,Categoria
https://mambadigital.com.br/blog/como-calcular-o-capital-de-giro/,/blog/como-calcular-o-capital-de-giro,Gestao e Financas,13,0,Artigo
https://mambadigital.com.br/blog/estrategias-de-precificacao-como-utilizar/,/blog/estrategias-de-precificacao-como-utilizar,Gestao e Financas,1,0,Artigo
https://mambadigital.com.br/blog/,/blog,Marca Mamba,5,0,Categoria
https://mambadigital.com.br/blog/por-que-contratar-assessoria-marketplace/,/blog/por-que-contratar-assessoria-marketplace,Marca Mamba,1,0,Artigo
https://mambadigital.com.br/blog/full-funnel-marketing/,/blog/full-funnel-marketing,Marketing Digital,5,6,Artigo
https://mambadigital.com.br/blog/analises-de-concorrentes/,/blog/analises-de-concorrentes,Marketing Digital,14,0,Artigo
https://mambadigital.com.br/blog/como-calcular-a-taxa-de-conversao/,/blog/como-calcular-a-taxa-de-conversao,Marketing Digital,5,0,Artigo
https://mambadigital.com.br/blog/erp-e-crm-vantagens-e-diferencas/,/blog/erp-e-crm-vantagens-e-diferencas,Marketing Digital,14,0,Artigo
https://mambadigital.com.br/blog/o-que-e-social-commerce/,/blog/o-que-e-social-commerce,Marketing Digital,1,0,Artigo
https://mambadigital.com.br/blog/o-que-faz-um-cliente-comprar/,/blog/o-que-faz-um-cliente-comprar,Marketing Digital,4,0,Artigo
https://mambadigital.com.br/blog/sistema-erp-o-que-e-para-que-serve/,/blog/sistema-erp-o-que-e-para-que-serve,Marketing Digital,1,0,Artigo
https://mambadigital.com.br/blog/identificando-tendencias-do-mercado-livre/,/blog/identificando-tendencias-do-mercado-livre,Mercado Livre,26,145,Artigo
https://mambadigital.com.br/blog/anuncio-pausado-no-mercado-livre/,/blog/anuncio-pausado-no-mercado-livre,Mercado Livre,21,82,Artigo
https://mambadigital.com.br/blog/mercadolider-o-que-e-e/,/blog/mercadolider-o-que-e-e,Mercado Livre,21,59,Artigo
https://mambadigital.com.br/blog/quais-sao-as-taxas-do-mercado-livre/,/blog/quais-sao-as-taxas-do-mercado-livre,Mercado Livre,63,51,Artigo
https://mambadigital.com.br/blog/simulador-de-custos-do-mercado-livre/,/blog/simulador-de-custos-do-mercado-livre,Mercado Livre,38,50,Artigo
https://mambadigital.com.br/blog/programa-decola-mercado-livre/,/blog/programa-decola-mercado-livre,Mercado Livre,13,37,Artigo
https://mambadigital.com.br/blog/modo-ferias-mercado-livre/,/blog/modo-ferias-mercado-livre,Mercado Livre,12,22,Artigo
https://mambadigital.com.br/blog/o-que-e-acos-no-mercado-livre/,/blog/o-que-e-acos-no-mercado-livre,Mercado Livre,7,20,Artigo
https://mambadigital.com.br/blog/como-e-feita-a-devolucao-no-mercado-livre/,/blog/como-e-feita-a-devolucao-no-mercado-livre,Mercado Livre,54,19,Artigo
https://mambadigital.com.br/blog/cpf-ou-cnpj-mercado-livre/,/blog/cpf-ou-cnpj-mercado-livre,Mercado Livre,29,15,Artigo
https://mambadigital.com.br/blog/como-ganhar-dinheiro-no-mercado-livre/,/blog/como-ganhar-dinheiro-no-mercado-livre,Mercado Livre,11,10,Artigo
https://mambadigital.com.br/blog/conheca-a-entrega-full-mercado-livre/,/blog/conheca-a-entrega-full-mercado-livre,Mercado Livre,68,4,Artigo
https://mambadigital.com.br/blog/selos-oficiais-mercado-livre/,/blog/selos-oficiais-mercado-livre,Mercado Livre,1,3,Artigo
https://mambadigital.com.br/blog/nota-fiscal-no-mercado-livre/,/blog/nota-fiscal-no-mercado-livre,Mercado Livre,15,1,Artigo
https://mambadigital.com.br/blog/programa-afiliados-mercado-livre/,/blog/programa-afiliados-mercado-livre,Mercado Livre,18,1,Artigo
https://mambadigital.com.br/blog/10-primeiras-vendas-no-mercado-livre/,/blog/10-primeiras-vendas-no-mercado-livre,Mercado Livre,1,0,Artigo
https://mambadigital.com.br/blog/analytics-mercado-livre/,/blog/analytics-mercado-livre,Mercado Livre,4,0,Artigo
https://mambadigital.com.br/blog/anuncio-de-catalogo-no-mercado-livre/,/blog/anuncio-de-catalogo-no-mercado-livre,Mercado Livre,4,0,Artigo
https://mambadigital.com.br/blog/categoria-mercado-livre/,/blog/categoria-mercado-livre,Mercado Livre,3,0,Artigo
https://mambadigital.com.br/blog/category/mercado-livre/,/blog/category/mercado-livre,Mercado Livre,1,0,Categoria
https://mambadigital.com.br/blog/category/mercado-livre/page/2/,/blog/category/mercado-livre/page/2,Mercado Livre,1,0,Categoria
https://mambadigital.com.br/blog/category/mercado-livre/page/3/,/blog/category/mercado-livre/page/3,Mercado Livre,1,0,Categoria
https://mambadigital.com.br/blog/como-abrir-uma-loja-no-mercado-livre/,/blog/como-abrir-uma-loja-no-mercado-livre,Mercado Livre,23,0,Artigo
https://mambadigital.com.br/blog/como-anunciar-mercado-livre/,/blog/como-anunciar-mercado-livre,Mercado Livre,13,0,Artigo
https://mambadigital.com.br/blog/como-cadastrar-produtos-no-mercado-livre/,/blog/como-cadastrar-produtos-no-mercado-livre,Mercado Livre,4,0,Artigo
https://mambadigital.com.br/blog/como-evitar-reclamacoes-no-mercado-livre/,/blog/como-evitar-reclamacoes-no-mercado-livre,Mercado Livre,11,0,Artigo
https://mambadigital.com.br/blog/como-gerenciar-o-estoque-no-mercado-livre/,/blog/como-gerenciar-o-estoque-no-mercado-livre,Mercado Livre,4,0,Artigo
https://mambadigital.com.br/blog/como-se-destacar-concorrencia-mercado-livre/,/blog/como-se-destacar-concorrencia-mercado-livre,Mercado Livre,1,0,Artigo
https://mambadigital.com.br/blog/como-se-tornar-um-vendedor-mercadolider/,/blog/como-se-tornar-um-vendedor-mercadolider,Mercado Livre,1,0,Artigo
https://mambadigital.com.br/blog/como-vender-com-o-mercado-livre-ads/,/blog/como-vender-com-o-mercado-livre-ads,Mercado Livre,3,0,Artigo
https://mambadigital.com.br/blog/envios-turbo-no-mercado-livre/,/blog/envios-turbo-no-mercado-livre,Mercado Livre,2,0,Artigo
https://mambadigital.com.br/blog/estrategia-precificacao-mercado-livre/,/blog/estrategia-precificacao-mercado-livre,Mercado Livre,1,0,Artigo
https://mambadigital.com.br/blog/evitar-cancelamentos-mercado-livre/,/blog/evitar-cancelamentos-mercado-livre,Mercado Livre,2,0,Artigo
https://mambadigital.com.br/blog/frete-gratis-mercado-livre/,/blog/frete-gratis-mercado-livre,Mercado Livre,16,0,Artigo
https://mambadigital.com.br/blog/kit-de-produtos-mercado-livre/,/blog/kit-de-produtos-mercado-livre,Mercado Livre,4,0,Artigo
https://mambadigital.com.br/blog/layout-do-anuncio/,/blog/layout-do-anuncio,Mercado Livre,1,0,Artigo
https://mambadigital.com.br/blog/loja-oficial-no-mercado-livre/,/blog/loja-oficial-no-mercado-livre,Mercado Livre,5,0,Artigo
https://mambadigital.com.br/blog/margem-de-lucro-ideal-no-mercado-livre/,/blog/margem-de-lucro-ideal-no-mercado-livre,Mercado Livre,6,0,Artigo
https://mambadigital.com.br/blog/mercado-livre-ads-como-funciona/,/blog/mercado-livre-ads-como-funciona,Mercado Livre,3,0,Artigo
https://mambadigital.com.br/blog/mercado-livre-clips-com-ebook/,/blog/mercado-livre-clips-com-ebook,Mercado Livre,7,0,Artigo
https://mambadigital.com.br/blog/mercado-livre-farma-produtos-farmaceuticos/,/blog/mercado-livre-farma-produtos-farmaceuticos,Mercado Livre,1,0,Artigo
https://mambadigital.com.br/blog/nicho-de-mercado/,/blog/nicho-de-mercado,Mercado Livre,2,0,Artigo
https://mambadigital.com.br/blog/novas-taxas-de-venda-mercado-livre/,/blog/novas-taxas-de-venda-mercado-livre,Mercado Livre,28,0,Artigo
https://mambadigital.com.br/blog/o-guia-para-vender-no-mercado-livre/,/blog/o-guia-para-vender-no-mercado-livre,Mercado Livre,1,0,Artigo
https://mambadigital.com.br/blog/oferta-do-dia-no-mercado-livre/,/blog/oferta-do-dia-no-mercado-livre,Mercado Livre,1,0,Artigo
https://mambadigital.com.br/blog/palavra-chave-mercado-livre/,/blog/palavra-chave-mercado-livre,Mercado Livre,8,0,Artigo
https://mambadigital.com.br/blog/politica-de-frete-mercado-livre/,/blog/politica-de-frete-mercado-livre,Mercado Livre,27,0,Artigo
https://mambadigital.com.br/blog/preco-de-venda-no-mercado-livre/,/blog/preco-de-venda-no-mercado-livre,Mercado Livre,37,0,Artigo
https://mambadigital.com.br/blog/produtos-proibidos-no-full/,/blog/produtos-proibidos-no-full,Mercado Livre,1,0,Artigo
https://mambadigital.com.br/blog/produtos-proibidos-no-mercado-livre/,/blog/produtos-proibidos-no-mercado-livre,Mercado Livre,7,0,Artigo
https://mambadigital.com.br/blog/responder-denuncia-no-mercado-livre/,/blog/responder-denuncia-no-mercado-livre,Mercado Livre,2,0,Artigo
https://mambadigital.com.br/blog/tabela-de-medidas-no-mercado-livre/,/blog/tabela-de-medidas-no-mercado-livre,Mercado Livre,2,0,Artigo
https://mambadigital.com.br/blog/vender-no-mercado-livre-2025/,/blog/vender-no-mercado-livre-2025,Mercado Livre,1,0,Artigo
https://mambadigital.com.br/blog/codigo-ean/,/blog/codigo-ean,Operacao Marketplace,28,22,Artigo
https://mambadigital.com.br/blog/fulfillment-o-que-e-e-como-usar/,/blog/fulfillment-o-que-e-e-como-usar,Operacao Marketplace,20,4,Artigo
https://mambadigital.com.br/blog/como-vender-em-marketplace/,/blog/como-vender-em-marketplace,Operacao Marketplace,2,0,Artigo
https://mambadigital.com.br/blog/produtos-mais-vendidos/,/blog/produtos-mais-vendidos,Operacao Marketplace,18,0,Artigo
https://mambadigital.com.br/blog/roi-marketplaces/,/blog/roi-marketplaces,Operacao Marketplace,1,0,Artigo
https://mambadigital.com.br/blog/diferenca-black-friday-cyber-monday/,/blog/diferenca-black-friday-cyber-monday,Promocoes e Datas Comerciais,1,2,Artigo
https://mambadigital.com.br/blog/o-que-vender-no-dia-das-criancas/,/blog/o-que-vender-no-dia-das-criancas,Promocoes e Datas Comerciais,2,0,Artigo
https://mambadigital.com.br/blog/o-guia-para-vender-na-shopee/,/blog/o-guia-para-vender-na-shopee,Shopee,142,335,Artigo
https://mambadigital.com.br/blog/quais-sao-as-taxas-da-shopee/,/blog/quais-sao-as-taxas-da-shopee,Shopee,138,88,Artigo
https://mambadigital.com.br/blog/centro-logistico-da-shopee/,/blog/centro-logistico-da-shopee,Shopee,67,78,Artigo
https://mambadigital.com.br/blog/como-usar-a-central-do-vendedor-na-shopee/,/blog/como-usar-a-central-do-vendedor-na-shopee,Shopee,24,46,Artigo
https://mambadigital.com.br/blog/entrega-direta-shopee/,/blog/entrega-direta-shopee,Shopee,22,15,Artigo
https://mambadigital.com.br/blog/spike-day-shopee-datas-duplas/,/blog/spike-day-shopee-datas-duplas,Shopee,5,15,Artigo
https://mambadigital.com.br/blog/como-cadastrar-um-produto-na-shopee/,/blog/como-cadastrar-um-produto-na-shopee,Shopee,29,14,Artigo
https://mambadigital.com.br/blog/como-emitir-uma-nota-fiscal-na-shopee/,/blog/como-emitir-uma-nota-fiscal-na-shopee,Shopee,37,9,Artigo
https://mambadigital.com.br/blog/envio-na-shopee/,/blog/envio-na-shopee,Shopee,30,9,Artigo
https://mambadigital.com.br/blog/shopee-fulfillment/,/blog/shopee-fulfillment,Shopee,14,9,Artigo
https://mambadigital.com.br/blog/o-que-vender-na-shopee/,/blog/o-que-vender-na-shopee,Shopee,7,6,Artigo
https://mambadigital.com.br/blog/shopee-ads-como-anunciar-na-shopee/,/blog/shopee-ads-como-anunciar-na-shopee,Shopee,14,6,Artigo
https://mambadigital.com.br/blog/como-abrir-uma-loja-na-shopee/,/blog/como-abrir-uma-loja-na-shopee,Shopee,12,2,Artigo
https://mambadigital.com.br/blog/shopee-lanca-liquidacao-de-natal/,/blog/shopee-lanca-liquidacao-de-natal,Shopee,10,2,Artigo
https://mambadigital.com.br/blog/6-dicas-para-vender-mais-na-shopee/,/blog/6-dicas-para-vender-mais-na-shopee,Shopee,6,1,Artigo
https://mambadigital.com.br/blog/preco-de-venda-na-shopee/,/blog/preco-de-venda-na-shopee,Shopee,59,1,Artigo
https://mambadigital.com.br/blog/avaliacao-na-shopee/,/blog/avaliacao-na-shopee,Shopee,3,0,Artigo
https://mambadigital.com.br/blog/category/shopee/,/blog/category/shopee,Shopee,6,0,Categoria
https://mambadigital.com.br/blog/como-vender-com-a-shopee-live/,/blog/como-vender-com-a-shopee-live,Shopee,6,0,Artigo
https://mambadigital.com.br/blog/ofertas-relampago-na-shopee/,/blog/ofertas-relampago-na-shopee,Shopee,9,0,Artigo
https://mambadigital.com.br/blog/produtos-mais-vendidos-na-shopee/,/blog/produtos-mais-vendidos-na-shopee,Shopee,46,0,Artigo
