Keyword,Search Volume,Tem_conteudo,Fonte_match,Match_tipo,Keyword_existente,URL_atual,Position_atual,Score
como vender na shopee,18100,Sim,Keywords,Exato,como vender na shopee,https://mambadigital.com.br/blog/o-guia-para-vender-na-shopee/,2.0,1.0
como vender no mercado livre,14800,Sim,Keywords,Parcial,como vender no mercado livre com cpf,https://mambadigital.com.br/blog/cpf-ou-cnpj-mercado-livre/,1.0,0.937
como vender na shopee sem estoque,3600,Sim,Keywords,Parcial,como vender na shopee,https://mambadigital.com.br/blog/o-guia-para-vender-na-shopee/,2.0,0.915
como vender na amazon,3600,Nao,,Sem match,,,,0.0
shopee ads,1900,Sim,Keywords,Exato,shopee ads,https://mambadigital.com.br/blog/shopee-ads-como-anunciar-na-shopee/,5.0,1.0
como vender no mercado livre sem estoque,1900,Nao,,Sem match,,,,0.0
entrega full mercado livre,1600,Sim,Keywords,Exato,entrega full mercado livre,https://mambadigital.com.br/blog/conheca-a-entrega-full-mercado-livre/,22.0,1.0
como ver o estoque do full mercado livre,1300,Sim,Keywords,Exato,como ver o estoque do full mercado livre,https://mambadigital.com.br/blog/como-gerenciar-o-estoque-no-mercado-livre/,14.0,1.0
mercado ads,1000,Sim,Keywords,Exato,mercado ads,https://mambadigital.com.br/blog/mercado-livre-ads-como-funciona/,36.0,1.0
como vender na shopee do zero,880,Sim,Keywords,Exato,como vender na shopee do zero,https://mambadigital.com.br/blog/o-guia-para-vender-na-shopee/,16.0,1.0
curso mercado livre,720,Nao,,Sem match,,,,0.0
como começar a vender no mercado livre,720,Sim,Sitemap,Slug similar,o guia para vender no mercado livre,https://mambadigital.com.br/blog/o-guia-para-vender-no-mercado-livre/,,0.903
como começar a vender na shopee,720,Sim,Keywords,Exato,como comecar a vender na shopee,https://mambadigital.com.br/blog/o-guia-para-vender-na-shopee/,3.0,1.0
o que significa anúncio pausado no mercado livre,720,Sim,Keywords,Exato,o que significa anuncio pausado no mercado livre,https://mambadigital.com.br/blog/anuncio-pausado-no-mercado-livre/,1.0,1.0
problema anúncio grátis mercado livre,720,Nao,,Sem match,,,,0.0
como vender na shopee como afiliado,590,Sim,Keywords,Parcial,como vender na shopee,https://mambadigital.com.br/blog/o-guia-para-vender-na-shopee/,2.0,0.91
o que significa full no mercado livre,480,Sim,Keywords,Similar,o'que significa full no mercado livre,https://mambadigital.com.br/blog/conheca-a-entrega-full-mercado-livre/,27.0,0.92
como vender produtos no mercado livre,480,Sim,Keywords,Similar,como colocar produtos para vender no mercado livre,https://mambadigital.com.br/blog/como-cadastrar-produtos-no-mercado-livre/,28.0,0.92
formulário full mercado livre,390,Sim,Keywords,Parcial,full mercado livre,https://mambadigital.com.br/blog/conheca-a-entrega-full-mercado-livre/,29.0,0.913
como vender no mercado livre passo a passo,390,Sim,Sitemap,Slug similar,o guia para vender no mercado livre,https://mambadigital.com.br/blog/o-guia-para-vender-no-mercado-livre/,,0.903
tarifas mercado livre,320,Sim,Keywords,Exato,tarifas mercado livre,https://mambadigital.com.br/blog/quais-sao-as-taxas-do-mercado-livre/,21.0,1.0
envio full mercado livre,320,Sim,Keywords,Exato,envio full mercado livre,https://mambadigital.com.br/blog/conheca-a-entrega-full-mercado-livre/,26.0,1.0
como vender no mercado livre como afiliado,320,Sim,Sitemap,Slug similar,o guia para vender no mercado livre,https://mambadigital.com.br/blog/o-guia-para-vender-no-mercado-livre/,,0.903
como funciona o full do mercado livre,260,Sim,Keywords,Exato,como funciona o full do mercado livre,https://mambadigital.com.br/blog/conheca-a-entrega-full-mercado-livre/,21.0,1.0
full super mercado livre,260,Sim,Sitemap,Slug similar,conheca a entrega full mercado livre,https://mambadigital.com.br/blog/conheca-a-entrega-full-mercado-livre/,,0.855
o que vender na shopee com baixo investimento,260,Sim,Keywords,Exato,o que vender na shopee com baixo investimento,https://mambadigital.com.br/blog/o-que-vender-na-shopee/,6.0,1.0
tamanho da imagem para anúncio no mercado livre,260,Sim,Keywords,Exato,tamanho da imagem para anuncio no mercado livre,https://mambadigital.com.br/blog/layout-do-anuncio/,15.0,1.0
shopee ads como funciona,210,Sim,Keywords,Exato,shopee ads como funciona,https://mambadigital.com.br/blog/shopee-ads-como-anunciar-na-shopee/,6.0,1.0
produtos full mercado livre,210,Sim,Keywords,Exato,produtos full mercado livre,https://mambadigital.com.br/blog/conheca-a-entrega-full-mercado-livre/,14.0,1.0
curso para vender no mercado livre,210,Sim,Sitemap,Slug similar,o guia para vender no mercado livre,https://mambadigital.com.br/blog/o-guia-para-vender-no-mercado-livre/,,0.903
vender no magalu,210,Nao,,Sem match,,,,0.0
como vender mais na shopee,210,Sim,Keywords,Exato,como vender mais na shopee,https://mambadigital.com.br/blog/6-dicas-para-vender-mais-na-shopee/,2.0,1.0
vender na shopee com cpf,210,Sim,Keywords,Parcial,como vender na shopee com cpf,https://mambadigital.com.br/blog/o-guia-para-vender-na-shopee/,10.0,0.944
mamba assessoria de marketplace,210,Sim,Keywords,Exato,mamba assessoria de marketplace,https://mambadigital.com.br/blog/por-que-contratar-assessoria-marketplace/,14.0,1.0
como ser full no mercado livre,170,Sim,Sitemap,Slug similar,conheca a entrega full mercado livre,https://mambadigital.com.br/blog/conheca-a-entrega-full-mercado-livre/,,0.855
full mercado livre como funciona,170,Sim,Keywords,Exato,full mercado livre como funciona,https://mambadigital.com.br/blog/conheca-a-entrega-full-mercado-livre/,20.0,1.0
como se tornar uma loja oficial no mercado livre,170,Sim,Keywords,Similar,como se tornar loja oficial mercado livre,https://mambadigital.com.br/blog/loja-oficial-no-mercado-livre/,14.0,0.97
consultoria mercado livre,170,Sim,Keywords,Exato,consultoria mercado livre,https://mambadigital.com.br/,2.0,1.0
como vender mais no mercado livre,170,Sim,Sitemap,Slug similar,o guia para vender no mercado livre,https://mambadigital.com.br/blog/o-guia-para-vender-no-mercado-livre/,,1.005
como vender no mercado livre pessoa física,170,Sim,Keywords,Exato,como vender no mercado livre pessoa física,https://mambadigital.com.br/blog/cpf-ou-cnpj-mercado-livre/,1.0,1.0
como funciona venda na shopee,170,Sim,Keywords,Exato,como funciona venda na shopee,https://mambadigital.com.br/blog/o-guia-para-vender-na-shopee/,2.0,1.0
o que é shopee ads,140,Sim,Keywords,Exato,o que é shopee ads,https://mambadigital.com.br/blog/shopee-ads-como-anunciar-na-shopee/,8.0,1.0
shopee ads vale a pena,140,Sim,Keywords,Exato,shopee ads vale a pena,https://mambadigital.com.br/blog/shopee-ads-como-anunciar-na-shopee/,23.0,1.0
solicitar full mercado livre,140,Sim,Keywords,Exato,solicitar full mercado livre,https://mambadigital.com.br/blog/conheca-a-entrega-full-mercado-livre/,24.0,1.0
como vender no mercado livre com cnpj,140,Sim,Keywords,Exato,como vender no mercado livre com cnpj,https://mambadigital.com.br/blog/cpf-ou-cnpj-mercado-livre/,1.0,1.0
reputação mercado livre,110,Nao,,Sem match,,,,0.0
vender em marketplace,110,Sim,Keywords,Parcial,como vender em marketplace,https://mambadigital.com.br/blog/como-vender-em-marketplace/,43.0,0.941
como vender no magalu,110,Nao,,Sem match,,,,0.0
como colocar vídeo no anúncio do mercado livre,110,Sim,Keywords,Exato,como colocar video no anuncio do mercado livre,https://mambadigital.com.br/blog/mercado-livre-clips-com-ebook/,14.0,1.0
product ads mercado livre,110,Sim,Sitemap,Slug similar,mercado livre ads como funciona,https://mambadigital.com.br/blog/mercado-livre-ads-como-funciona/,,0.903
como vender em marketplace,90,Sim,Keywords,Exato,como vender em marketplace,https://mambadigital.com.br/blog/como-vender-em-marketplace/,43.0,1.0
como ver meus anúncios no mercado livre,90,Nao,,Sem match,,,,0.0
display ads mercado livre,90,Sim,Sitemap,Slug similar,mercado livre ads como funciona,https://mambadigital.com.br/blog/mercado-livre-ads-como-funciona/,,0.903
consultoria amazon,70,Nao,,Sem match,,,,0.0
como vender na amazon brasil,70,Nao,,Sem match,,,,0.0
como aumentar as vendas no mercado livre,70,Nao,,Sem match,,,,0.0
anúncio pausado mercado livre significado,70,Sim,Keywords,Parcial,anúncio pausado mercado livre,https://mambadigital.com.br/blog/anuncio-pausado-no-mercado-livre/,1.0,0.926
brand ads mercado livre,70,Sim,Sitemap,Slug similar,mercado livre ads como funciona,https://mambadigital.com.br/blog/mercado-livre-ads-como-funciona/,,0.903
o que é ads no mercado livre,70,Sim,Sitemap,Slug similar,mercado livre ads como funciona,https://mambadigital.com.br/blog/mercado-livre-ads-como-funciona/,,1.005
novas tarifas mercado livre 2026,50,Sim,Keywords,Parcial,tarifas mercado livre,https://mambadigital.com.br/blog/quais-sao-as-taxas-do-mercado-livre/,21.0,0.918
tarifa de venda por categoria mercado livre,50,Sim,Keywords,Similar,tarifa de venda mercado livre,https://mambadigital.com.br/blog/quais-sao-as-taxas-do-mercado-livre/,7.0,0.92
consultoria marketplace,50,Nao,,Sem match,,,,0.0
assessoria mercado livre,50,Sim,Sitemap,Slug exato,assessoria mercado livre,https://mambadigital.com.br/assessoria-mercado-livre/,,0.95
como fazer ads no mercado livre,50,Sim,Sitemap,Slug similar,mercado livre ads como funciona,https://mambadigital.com.br/blog/mercado-livre-ads-como-funciona/,,0.903
como fazer ads na shopee 2025,40,Nao,,Sem match,,,,0.0
como vender na shopee sem ads,40,Sim,Keywords,Parcial,como vender na shopee,https://mambadigital.com.br/blog/o-guia-para-vender-na-shopee/,2.0,0.929
cnae para vender em marketplace,40,Sim,Sitemap,Slug similar,como vender em marketplace,https://mambadigital.com.br/blog/como-vender-em-marketplace/,,0.88
mercado livre ads preço,40,Sim,Keywords,Parcial,mercado livre ad,https://mambadigital.com.br/blog/mercado-livre-ads-como-funciona/,26.0,0.924
como criar anúncio na shopee ads,30,Nao,,Sem match,,,,0.0
shopee video ads,30,Nao,,Sem match,,,,0.0
produtos para vender em marketplace,30,Sim,Sitemap,Slug similar,como vender em marketplace,https://mambadigital.com.br/blog/como-vender-em-marketplace/,,0.88
consultoria shopee,30,Nao,,Sem match,,,,0.0
mamba - assessoria de marketplace comentários,30,Sim,Keywords,Parcial,mamba assessoria de marketplace,https://mambadigital.com.br/blog/por-que-contratar-assessoria-marketplace/,14.0,0.928
como colocar ads no mercado livre,30,Sim,Sitemap,Slug similar,mercado livre ads como funciona,https://mambadigital.com.br/blog/mercado-livre-ads-como-funciona/,,0.903
mercado livre ads vale a pena,30,Sim,Keywords,Parcial,mercado livre ad,https://mambadigital.com.br/blog/mercado-livre-ads-como-funciona/,26.0,0.903
o que é mercado ads,30,Sim,Keywords,Parcial,mercado ads,https://mambadigital.com.br/blog/mercado-livre-ads-como-funciona/,36.0,0.907
calculadora tarifas mercado livre,20,Sim,Keywords,Parcial,tarifas mercado livre,https://mambadigital.com.br/blog/quais-sao-as-taxas-do-mercado-livre/,21.0,0.915
como funciona a tarifa de venda do mercado livre,20,Sim,Keywords,Similar,tarifa de venda mercado livre,https://mambadigital.com.br/blog/quais-sao-as-taxas-do-mercado-livre/,7.0,0.92
tabela de tarifas mercado livre,20,Sim,Keywords,Parcial,tarifas mercado livre,https://mambadigital.com.br/blog/quais-sao-as-taxas-do-mercado-livre/,21.0,0.922
o que é tarifa de venda mercado livre,20,Sim,Keywords,Parcial,tarifa de venda mercado livre,https://mambadigital.com.br/blog/quais-sao-as-taxas-do-mercado-livre/,7.0,0.938
como melhorar as vendas em marketplace,20,Nao,,Sem match,,,,0.0
curso para vender em marketplace,20,Sim,Sitemap,Slug similar,como vender em marketplace,https://mambadigital.com.br/blog/como-vender-em-marketplace/,,0.88
o que vender em marketplace,20,Sim,Sitemap,Slug similar,como vender em marketplace,https://mambadigital.com.br/blog/como-vender-em-marketplace/,,1.03
produtos mais vendidos em marketplace,20,Nao,,Sem match,,,,0.0
vale a pena vender em marketplace,20,Sim,Sitemap,Slug similar,vale a pena assessoria marketplace,https://mambadigital.com.br/blog/vale-a-pena-assessoria-marketplace/,,0.903
vender em vários marketplaces,20,Nao,,Sem match,,,,0.0
consultor certificado mercado livre,20,Nao,,Sem match,,,,0.0
consultor magalu,20,Nao,,Sem match,,,,0.0
como aumentar as vendas no magalu,20,Nao,,Sem match,,,,0.0
como cadastrar para vender no magalu,20,Nao,,Sem match,,,,0.0
como vender no magalu com cpf,20,Nao,,Sem match,,,,0.0
como vender no magalu como afiliado,20,Nao,,Sem match,,,,0.0
como vender no magalu passo a passo,20,Nao,,Sem match,,,,0.0
como vender produtos no magalu,20,Nao,,Sem match,,,,0.0
produtos mais vendidos no magalu,20,Nao,,Sem match,,,,0.0
avaliações sobre mamba assessoria de marketplace,20,Sim,Keywords,Parcial,mamba assessoria de marketplace,https://mambadigital.com.br/blog/por-que-contratar-assessoria-marketplace/,14.0,0.917
gestão de marketplaces,20,Nao,,Sem match,,,,0.0
gestão de ecommerce e marketplace,20,Sim,Sitemap,Slug similar,marketplace ou ecommerce,https://mambadigital.com.br/blog/marketplace-ou-ecommerce/,,0.88
integração de vendas em marketplaces,10,Nao,,Sem match,,,,0.0
consultor americanas marketplace,10,Nao,,Sem match,,,,0.0
assessoria de marketplace,10,Sim,Keywords,Parcial,mamba assessoria de marketplace,https://mambadigital.com.br/blog/por-que-contratar-assessoria-marketplace/,14.0,0.941
aumentar reputação mercado livre,5,Nao,,Sem match,,,,0.0
como aumentar a reputação no mercado livre,5,Nao,,Sem match,,,,0.0
barra de reputação mercado livre,5,Nao,,Sem match,,,,0.0
categorias de reputação mercado livre,5,Nao,,Sem match,,,,0.0
plataforma de gestão de marketplace,5,Nao,,Sem match,,,,0.0
assessoria especializada mercado livre,5,Sim,Sitemap,Slug similar,assessoria mercado livre,https://mambadigital.com.br/assessoria-mercado-livre/,,0.887
